X,Y,Intersection,All Motorized Vehicles AADT (24 hour volume),% Truck,Pedestrians Not Factored,Bicycles Not Factored,Data Collection Date
383736.1826,5036677.455,240 S OF CHARLEMAGNE BLVD/DES EPINETTES AVE @ TENTH LINE RD,27032,2.35%,51,6,2017-Apr-19
376058.7219,5001706.333,2ND LINE RD @ OSGOODE MAIN ST,3529,4.88%,4,0,2017-Jan-17
383165.797,5016891.458,8TH LINE RD @ PARKWAY RD,3961,4.68%,5,5,2017-Oct-11
358343.226,5023230.238,AERO DR @ HOLLY ACRES RD,7820,3.10%,97,15,2017-Nov-30
374971.7411,5027717.536,AGES DR @ HAWTHORNE RD,23004,14.52%,24,4,2017-Jan-25
366428.7011,5030626.571,ALBERT ST @ BOOTH ST,36881,11.81%,3742,34,2017-Mar-28
366428.7011,5030626.571,ALBERT ST @ BOOTH ST,33577,11.83%,4540,181,2017-Jun-08
366739.7019,5031016.574,ALBERT ST @ BRONSON AVE,15215,14.03%,950,13,2017-Dec-13
366713.7011,5030971.574,ALBERT ST @ COMMISSIONER ST,13304,14.93%,435,57,2017-Apr-19
366576.7011,5030720.571,ALBERT ST @ EMPRESS AVE,15562,20.64%,824,7,2017-Apr-19
366576.7011,5030720.571,ALBERT ST @ EMPRESS AVE,16215,21.95%,905,6,2017-Mar-28
367221.703,5031319.576,ALBERT ST @ KENT ST (OTTAWA),20485,11.96%,15758,25,2017-Mar-28
367691.7041,5031613.579,ALBERT ST @ METCALFE ST,16461,12.85%,17739,52,2017-Mar-28
374010.0249,5019208.543,ALBION RD @ FINDLAY CREEK DR,16932,5.13%,7,20,2017-Jun-08
375906.754,5014804.447,ALBION RD @ MITCH OWENS RD,18435,9.02%,0,5,2017-May-04
373630.743,5020104.485,ALBION RD @ QUINN RD/FENTON RD,15451,4.25%,16,5,2017-Jun-29
375092.751,5016674.461,ALBION RD @ RIDEAU RD,15260,8.80%,1,13,2017-May-04
372129.734,5023174.507,ALDERWOOD ST @ AUTUMNWOOD ST,849,4.83%,33,9,2017-Jun-08
372097.734,5023336.508,ALDERWOOD ST @ TRAPPER'S RD,1067,3.23%,27,10,2017-Apr-12
349372.1751,5015900.885,ALON ST @ MAPLE GROVE RD,628,2.61%,1,0,2017-Nov-02
349372.1751,5015900.885,ALON ST @ MAPLE GROVE RD,647,3.54%,3,3,2017-Nov-03
370344.72,5028017.545,ALTA VISTA DR @ CUNNINGHAM AVE,13958,2.69%,151,153,2017-Jun-01
370432.7189,5029081.553,ALTA VISTA DR @ SMYTH RD,40310,2.84%,382,105,2017-Apr-11
370432.7189,5029081.553,ALTA VISTA DR @ SMYTH RD,46976,2.99%,463,55,2017-Nov-21
372925.6789,5033117.756,AMBERCREST ST @ MEADOWCROFT CRES E,300,5.46%,25,6,2017-Nov-29
372841.6411,5033067.662,AMBERCREST ST @ MEADOWCROFT CRES W,801,3.64%,56,32,2017-Sep-21
375697.8841,5020813.431,ANALDEA DR/ WHITE ALDER AVE @ BANK ST,17650,3.90%,60,0,2017-Mar-13
376280.7381,5031841.563,ANDERSON RD @ INNES RD,47834,4.05%,0,86,2017-May-03
380473.774,5024908.508,ANDERSON RD @ LEITRIM RD,9218,5.65%,2,2,2017-Jun-21
379029.7589,5028508.532,ANDERSON RD @ RIDGE RD,9783,2.45%,0,3,2017-Jun-01
364934.617,5012032.691,ANDRE AUDET AVE @ DUNDONALD DR,3433,2.86%,53,9,2017-Jun-29
361669.683,5026448.533,ANTHONY AVE @ WOODROFFE AVE,14281,2.21%,86,21,2017-Aug-03
361669.683,5026448.533,ANTHONY AVE @ WOODROFFE AVE,13806,2.40%,60,10,2017-Aug-22
361669.683,5026448.533,ANTHONY AVE @ WOODROFFE AVE,16371,2.41%,108,18,2017-Sep-26
361669.683,5026448.533,ANTHONY AVE @ WOODROFFE AVE,14372,2.37%,81,8,2017-Nov-16
375316.7279,5033687.581,APPLEFORD ST @ OGILVIE RD,14968,4.94%,606,2,2017-Feb-09
384776.3381,5035179.102,AQUAVIEW DR @ BRIAN COBURN BLVD,12232,3.00%,302,18,2017-May-03
372781.729,5028923.549,ARCH ST @ CHAPMAN BLVD,913,3.79%,117,35,2017-Sep-07
368184.7079,5030485.568,ARGYLE AVE @ O'CONNOR ST,17011,2.03%,2382,68,2017-Mar-21
368337.7079,5030578.569,ARGYLE AVE W @ METCALFE ST,14266,1.49%,379,5,2017-Apr-04
367222.7049,5029867.563,ARLINGTON AVE @ BRONSON AVE,24589,4.12%,667,13,2017-Dec-13
367868.7071,5030257.566,ARLINGTON AVE @ KENT ST,16213,2.13%,903,45,2017-Apr-05
363453.691,5028441.552,ATHLONE AVE @ RICHMOND RD,11918,2.01%,1948,139,2017-Apr-20
363329.952,5028734.994,ATHLONE AVE @ SCOTT ST,9502,4.64%,1346,119,2017-Nov-22
373110.723,5032376.576,AVIATION PKWY @ OGILVIE RD,45770,1.87%,323,159,2017-May-09
368354.711,5028536.551,AYLMER AVE @ ROSEDALE AVE,1757,3.52%,267,15,2017-Jan-11
388036.7781,5001137.32,BANK ST @ BELMEADE RD/MARIONVILLE RD,6099,6.75%,0,0,2017-Mar-28
368040.755,5030268.015,BANK ST @ CATHERINE ST,24611,4.34%,2787,109,2017-Apr-05
369944.72,5026989.537,BANK ST @ CECIL AVE,25118,2.62%,168,18,2017-Apr-25
369918.0759,5027062.301,BANK ST @ EVANS AVE,24424,2.67%,143,12,2017-Apr-06
368399.6381,5029398.237,BANK ST @ FIFTH AVE,17358,4.69%,5563,862,2017-Jul-20
368399.6381,5029398.237,BANK ST @ FIFTH AVE,24001,2.38%,10981,764,2017-Sep-10
368399.6381,5029398.237,BANK ST @ FIFTH AVE,17159,4.81%,6064,683,2017-Oct-10
368239.709,5029787.562,BANK ST @ GLEBE AVE,15759,5.30%,3366,677,2017-Jul-20
368239.709,5029787.562,BANK ST @ GLEBE AVE,20259,2.73%,5192,536,2017-Sep-10
368239.709,5029787.562,BANK ST @ GLEBE AVE,15870,4.99%,3965,584,2017-Oct-10
380470.7759,5012801.434,BANK ST @ GREY'S CREEK RD,9203,9.87%,0,0,2017-Jul-27
380470.7759,5012801.434,BANK ST @ GREY'S CREEK RD,9023,9.55%,0,0,2017-Nov-02
368481.711,5029197.556,BANK ST @ HOLMWOOD AVE,16514,4.73%,5319,774,2017-Jul-20
368481.711,5029197.556,BANK ST @ HOLMWOOD AVE,23389,2.46%,12930,770,2017-Sep-10
367480.7041,5031265.576,BANK ST @ LAURIER AVE,15286,5.95%,18113,573,2017-Apr-05
386401.7759,5002845.344,BANK ST @ LAWRENCE ST,6417,6.30%,5,1,2017-Mar-28
377758.7649,5015947.456,BANK ST @ MITCH OWENS RD,21769,9.39%,0,3,2017-May-04
378746.769,5014207.444,BANK ST @ PARKWAY RD,11502,7.37%,6,4,2017-Apr-12
376954.7611,5017844.469,BANK ST @ RIDEAU RD,21799,13.67%,2,1,2017-Jun-13
375523.5441,5021226.117,BANK ST @ ROTARY WAY,18772,3.73%,13,0,2017-Mar-13
368305.7101,5029628.56,BANK ST @ SECOND AVE,15312,5.30%,4934,617,2017-Jul-20
368305.7101,5029628.56,BANK ST @ SECOND AVE,19982,2.75%,8466,567,2017-Sep-10
368305.7101,5029628.56,BANK ST @ SECOND AVE,15184,5.09%,5192,577,2017-Oct-10
372195.88,5024132.472,BANK ST @ SIEVERIGHT AVE,20497,3.82%,24,4,2017-Nov-30
371083.7295,5024521.516,BANK ST @ SOUTHKEYS SC,26645,2.77%,104,7,2017-Mar-13
368577.7121,5028966.554,BANK ST @ WILTON CRES,21165,3.33%,328,339,2017-Jun-06
368577.7121,5028966.554,BANK ST @ WILTON CRES,19593,3.72%,801,1041,2017-Jul-20
368577.7121,5028966.554,BANK ST @ WILTON CRES,23912,2.19%,1604,1027,2017-Sep-10
368577.7121,5028966.554,BANK ST @ WILTON CRES,19994,3.64%,1012,932,2017-Oct-10
368108.7079,5030103.565,BANK ST/PRETORIA AVE @ CHAMBERLAIN AVE S,15907,5.01%,1060,562,2017-Jul-20
368108.7079,5030103.565,BANK ST/PRETORIA AVE @ CHAMBERLAIN AVE S,20225,2.76%,1800,421,2017-Sep-10
368108.7079,5030103.565,BANK ST/PRETORIA AVE @ CHAMBERLAIN AVE S,16259,4.74%,2787,439,2017-Oct-10
366735.6901,5009189.384,BANKFIELD RD @ FIRST LINE RD,9710,7.49%,0,2,2017-Apr-20
366735.6901,5009189.384,BANKFIELD RD @ FIRST LINE RD,10138,9.38%,0,0,2017-Nov-01
367735.697,5009762.391,BANKFIELD RD @ POTTER DR/LOCKMASTER CRES,10585,9.37%,2,0,2017-May-25
366379.6871,5008975.381,BANKFIELD RD @ PRINCE OF WALES DR,17834,7.25%,1,0,2017-Nov-01
365622.2759,5014371.36,BARCHAM CRES E @ BREN-MAUR RD,643,6.80%,17,0,2017-Mar-28
369940.7079,5033575.594,BARIBEAU ST @ DAGMAR AVE,497,5.28%,70,20,2017-Nov-29
366646.6951,5011532.406,BARNSDALE RD @ PRINCE OF WALES DR,13287,3.92%,4,33,2017-May-24
367265.7,5011882.41,BARNSDALE RD @ RIDEAU VALLEY DR,11748,3.12%,1,58,2017-May-24
362292.6781,5016244.443,BARRAN ST @ FALLOWFIELD RD,17184,3.10%,4,0,2017-Nov-02
359629.669,5021987.493,BASELINE RD @ SANDCASTLE DR,23142,3.12%,84,2,2017-Jan-12
358635.663,5021821.491,BASELINE RD/HWY 416 RICHMOND IC75R53 @ RICHMON,38317,2.54%,41,3,2017-Mar-08
367034.703,5030997.574,BAY ST @ LAURIER AVE,8480,2.16%,2696,464,2017-Apr-05
367248.6381,5030647.193,BAY ST @ SOMERSET ST,9590,3.73%,2373,817,2017-May-17
367248.6381,5030647.193,BAY ST @ SOMERSET ST,8862,3.75%,2150,947,2017-Jul-19
366856.7019,5031279.576,BAY ST @ SPARKS ST,9338,1.93%,1931,176,2017-Nov-23
359372.6871,5023368.535,BAYSHORE DR @ RICHMOND RD,33081,2.64%,38,8,2017-Nov-22
366091.7011,5029269.559,BAYSWATER AVE @ YOUNG ST,4879,1.21%,255,59,2017-Apr-19
365527.377,5015321.482,BEATRICE DR @ STRANDHERD DR,30445,3.13%,170,10,2017-Apr-25
381546.749,5036132.574,BEAUSEJOUR DR @ CHAMPNEUF DR,4073,2.45%,82,3,2017-Apr-19
381420.7479,5036060.574,BEAUSEJOUR DR @ JEANNE D'ARC BLVD,24531,2.20%,222,11,2017-May-09
368516.7041,5032987.591,BEAUSOLEIL DR @ OLD ST. PATRICK ST,4314,5.47%,745,51,2017-Nov-23
366382.703,5029141.557,BEECH ST @ LORETTA AVE,2744,3.45%,253,11,2017-Feb-22
360961.6759,5020793.483,BELLMAN DR @ MCCLELLAN RD,3622,5.02%,75,23,2017-Apr-26
379283.7389,4996311.283,BELMEADE RD @ STAGECOACH RD,2185,8.00%,0,0,2017-Mar-28
368953.7041,5033811.598,BERTRAND ST @ IVY CRES W,315,2.60%,68,11,2017-Nov-29
368315.9299,5032191.984,BESSERER ST @ WALLER ST,16613,13.01%,3088,53,2017-May-09
349458.58,5013476.424,BEVERLY ST @ JONATHAN PACK ST,2033,2.51%,18,0,2017-Dec-13
369273.7159,5028046.546,BILLINGS BRIDGE NB RAMP @ RIVERSIDE DR WB,1630,2.79%,0,0,2017-Jan-11
369177.3,5027785.504,BILLINGS BRIDGESC RAMP SB @ RIVERSIDE DR EB,1635,2.12%,1,0,2017-Jan-11
370286.706,5034692.604,BIRCH AVE @ HEMLOCK RD,14028,3.18%,31,82,2017-Apr-19
378162.3614,5032392.267,BLACKBURN BYPASS @ 1700 W OF NAVAN RD,31652,3.72%,64,0,2017-Apr-19
379791.7479,5033781.565,BLACKBURN BYPASS @ INNES RD E,33010,3.70%,0,19,2017-May-03
377184.7411,5032180.563,BLACKBURN BYPASS @ INNES RD W,43515,4.25%,1,44,2017-May-03
379617.749,5033274.562,BLACKBURN BYPASS @ NAVAN RD,34539,4.43%,0,9,2017-May-03
374416.7249,5033434.581,BLAIR RD @ CLAVER ST,12957,2.40%,422,80,2017-Jul-26
374911.7299,5032656.573,BLAIR RD @ REGIONAL RD 174 S/OR174 IC112 RAMP15,34443,4.94%,1,12,2017-Apr-11
369853.7181,5028038.546,BLOSSOM DR @ WINTHER AVE,772,1.06%,15,38,2017-Jul-05
380872.0759,5033424.923,BLUE WILLOW CRES N @ ORLEANS BLVD,5474,5.49%,65,9,2017-Sep-21
366264.257,5031006.688,BOOTH ST @ OTTAWA RIVER PKWY/WELLINGTON ST,50268,2.94%,1015,362,2017-Jun-08
372259.7181,5033210.585,BORTHWICK AVE @ BURN ST,732,2.49%,53,10,2017-Nov-21
372197.7241,5030273.56,BOTSFORD ST @ CORONATION AVE,3253,6.35%,87,47,2017-Nov-09
388065.8249,5022162.473,BOUNDARY RD @ MITCH OWENS RD,10254,7.05%,4,1,2017-Jun-08
386579.8079,5026009.496,BOUNDARY RD @ RUSSELL RD E,8464,9.29%,12,4,2017-May-31
380977.7479,5035508.572,BOYER RD @ ORLEANS BLVD,13140,2.91%,84,8,2017-May-25
366376.703,5028887.555,BREEZEHILL AVE @ HICKORY ST,1205,3.63%,217,15,2017-Feb-22
368088.711,5028099.547,BREWER WAY @ HOPEWELL AVE,316,2.07%,70,44,2017-May-09
385141.5781,5035343.548,BRIAN COBURN BLVD @ ESPRIT DR,11204,3.44%,290,1,2017-Nov-29
385141.5781,5035343.548,BRIAN COBURN BLVD @ ESPRIT DR,11395,3.71%,299,20,2017-May-03
383523.5359,5034614.313,BRIAN COBURN BLVD @ GERRY LALONDE DR,13029,2.20%,41,2,2017-Nov-29
384046.5521,5034850.028,BRIAN COBURN BLVD @ STRASBOURG ST,11842,3.09%,169,6,2017-Apr-20
390721.8729,5041581.804,BRICKLAND DR @ DUNNING RD,3552,6.66%,1,2,2017-Mar-02
369129.7071,5010448.401,BRIDGE ST @ NORTH RIVERSIDE DR,16482,6.26%,10,0,2017-Jan-17
354872.6871,5015403.916,BRIDGESTONE DR @ EAGLESON RD,17435,3.22%,23,3,2017-May-25
371771.7321,5023568.51,BRIDLE PATH DR @ TRAPPER'S RD,6487,3.66%,204,81,2017-Jun-22
363207.6901,5026913.538,BRIERWOOD AVE/HIGHLAND AVE @ TILLBURY AVE E,752,2.83%,50,111,2017-Aug-29
366125.3994,5030906.609,BROAD ST @ OTTAWA RIVER PKWY,29133,0.59%,2,0,2017-Dec-13
363070.6901,5026906.538,BROADVIEW AVE @ TILLBURY AVE,4587,2.25%,424,105,2017-Jun-01
363141.6901,5026727.536,BROADVIEW AVE @ WELLESLEY AVE,5784,2.04%,1228,39,2017-Jun-01
368130.7101,5028792.553,BROADWAY AVE @ CRAIG ST,355,3.69%,66,75,2017-Aug-29
367753.1879,5028446.55,BRONSON AVE @ BRONSON AVE NB ON RAMP 42,48509,2.33%,90,100,2017-Jun-20
367797.709,5028318.549,BRONSON AVE @ BRONSON AVE SB ON RAMP 43,46658,2.30%,158,99,2017-Jun-20
367252.7049,5029796.563,BRONSON AVE @ CATHERINE ST/RAYMOND ST,40709,3.41%,815,13,2017-Apr-05
366768.7019,5030948.573,BRONSON AVE @ COMMISSIONER ST/SLATER ST,20071,12.48%,925,9,2017-Dec-13
366833.7019,5030792.572,BRONSON AVE @ GLOUCESTER ST,15747,4.64%,657,12,2017-Dec-13
366804.7019,5030861.573,BRONSON AVE @ LAURIER AVE,15265,4.42%,1265,118,2017-Apr-05
366804.7019,5030861.573,BRONSON AVE @ LAURIER AVE,14251,4.35%,1123,383,2017-Aug-29
366885.703,5030669.571,BRONSON AVE @ PRIMROSE AVE,16821,4.54%,663,14,2017-Dec-13
367356.706,5029551.56,BRONSON AVE @ RENFREW AVE,34913,3.27%,488,31,2017-Jun-20
367808.709,5028521.551,BRONSON PL @ COLONEL BY DR,15907,0.32%,179,6,2017-Feb-10
361242.8329,5026098.832,BYRON AVE @ RICHARDSON AVE,422,4.26%,57,46,2017-Aug-03
361242.8329,5026098.832,BYRON AVE @ RICHARDSON AVE,345,3.33%,29,16,2017-Nov-16
363035.689,5028061.548,BYRON AVE @ ROOSEVELT AVE,8315,1.42%,711,321,2017-Jun-01
363595.34,5028306.82,BYRON AVE @ TWEEDSMUIR AVE,8603,1.12%,237,70,2017-Nov-22
361597.683,5026624.535,BYRON AVE @ WOODROFFE AVE,14660,2.11%,129,82,2017-Aug-03
361597.683,5026624.535,BYRON AVE @ WOODROFFE AVE,14873,2.27%,106,14,2017-Nov-16
364764.6871,5012872.415,CAMBRIAN RD @ GREENBANK RD,17586,3.52%,256,13,2017-Sep-13
365113.837,5013068.716,CAMBRIAN RD @ KILBIRNIE DR/TUCANA WAY,10049,3.31%,369,6,2017-Apr-20
363975.4011,5012392.257,CAMBRIAN RD @ SEELEY'S BAY ST,6129,5.53%,31,0,2017-Nov-22
350508.5849,5019177.484,CAMPEAU DR @ HERLIHEY WAY,19123,1.72%,80,1,2017-Dec-06
350594.8671,5019401.944,CAMPEAU DR @ KANATA AVE,24489,2.65%,248,4,2017-Dec-06
352563.7219,5020467.538,CAMPEAU DR @ TERON RD/COLCHESTER SQ,22351,3.79%,258,8,2017-Dec-06
352841.6241,5020476.478,CAMPEAU DR/HWY 417 MARCH IC138R63 @ MARCH RD,65632,2.33%,10,5,2017-Mar-30
368907.6551,5016587.292,CANYON WALK DR @ OWLS CABIN AVE/VERMILLION DR,1879,2.62%,46,2,2017-Jun-29
364114.6929,5029214.559,CARLETON AVE @ SCOTT ST,14172,2.76%,598,78,2017-Mar-28
363180.6901,5026638.535,CARLING AVE @ BROADVIEW AVE,35847,2.13%,1204,15,2017-Apr-20
363775.6929,5027013.539,CARLING AVE @ CHURCHILL AVE,38416,3.07%,549,21,2017-Apr-25
365791.6095,5028278.056,CARLING AVE @ CIVIC HOSPITAL,26688,3.95%,798,40,2017-Apr-12
361262.6811,5025424.524,CARLING AVE @ EDGEWORTH AVE,26428,2.76%,824,41,2017-May-10
361934.6841,5025830.528,CARLING AVE @ FAIRLAWN AVE/WOODROFFE AVE E,44865,2.82%,875,17,2017-Mar-30
362213.686,5026025.53,CARLING AVE @ IROQUOIS RD,27532,2.05%,532,33,2017-May-10
362942.689,5026488.534,CARLING AVE @ MAITLAND AVE/SHERBOURNE RD,46559,2.09%,901,17,2017-Mar-30
366829.7049,5028935.555,CARLING AVE @ PRESTON ST,37801,3.71%,1342,302,2017-Jun-20
348596.351,5014562.768,CARP RD @ ECHOWOODS AVE/KITTIWAKE DR,23150,4.80%,57,12,2017-May-04
348804.577,5014360.433,CARP RD @ HAZELDEAN RD,29467,5.43%,121,19,2017-May-04
348804.577,5014360.433,CARP RD @ HAZELDEAN RD,28673,6.00%,147,1,2017-Nov-23
349415.5819,5014324.431,CARP RD @ HOBIN ST/MCCOOEYE LANE,14043,4.88%,98,11,2017-May-04
346209.563,5017160.461,CARP RD @ RICHARDSON SIDE RD,17756,10.10%,0,10,2017-May-04
341348.0819,5022639.945,CARP RD @ RIVINGTON ST,5349,3.13%,3,4,2017-Aug-16
349524.7871,5014330.211,CARP RD @ STITTSVILLE MAIN ST,24421,3.59%,218,19,2017-May-04
347737.571,5015442.444,CARP RD @ WESTBROOK RD,25826,6.47%,127,4,2017-May-04
365153.291,5029848.782,CARRUTHERS AVE @ SCOTT ST,15235,18.33%,735,37,2017-Mar-28
351950.4529,5018943.516,CASTLEFRANK RD @ KATIMAVIK RD,20673,3.74%,522,3,2017-Mar-30
353398.6189,5016665.445,CASTLEFRANK RD N @ GLAMORGAN DR N,2582,1.46%,43,36,2017-Jul-18
368552.709,5030577.568,CATHERINE ST @ ELGIN ST,14869,2.67%,901,85,2017-Apr-19
367907.7071,5030188.565,CATHERINE ST @ KENT ST,21134,2.85%,1008,15,2017-Apr-05
367747.7071,5030092.565,CATHERINE ST @ LYON ST/HWY 417 LYON IC120BR36,12426,3.47%,279,7,2017-Apr-19
367491.706,5029937.564,CATHERINE ST @ PERCY ST,7031,4.29%,639,170,2017-Apr-05
361381.9985,5015465.764,CEDARVIEW RD @ 217 S  OF FALLOWFIELD RD/CEDARV,8534,3.87%,87,0,2017-Jan-17
361474.671,5015252.433,CEDARVIEW RD @ JOCKVALE RD,11283,3.28%,94,0,2017-Jan-17
361474.671,5015252.433,CEDARVIEW RD @ JOCKVALE RD,11180,1.89%,159,2,2017-Jun-29
361667.671,5014806.429,CEDARVIEW RD @ MARAVISTA DR,5990,2.76%,386,36,2017-May-24
361885.4828,5022441.797,CENTREPOINTE DR @ 50 S OF MARBLE ARCH/REC PATH,3531,3.61%,230,6,2017-Jan-12
362327.0129,5023204.499,CENTREPOINTE DR @ HEMMINGWOOD WAY E,11968,1.41%,152,81,2017-Jun-07
362435.1004,5023006.586,CENTREPOINTE DR @ REC PATH BEN FRANKLIN PL,11628,1.82%,794,11,2017-Jan-12
367933.7079,5030047.564,CHAMBERLAIN AVE @ KENT ST,12247,4.07%,348,9,2017-Apr-05
368892.4079,5032643.268,CHAPEL ST @ RIDEAU ST,11093,7.70%,1870,124,2017-May-09
364841.826,5014582.921,CHAPMAN MILLS DR @ LONGFIELDS DR,19691,2.93%,208,77,2017-May-24
384705.76,5037594.569,CHARLEMAGNE BLVD @ VALIN ST,8851,2.70%,180,10,2017-May-25
365964.7041,5023709.511,CHESTERTON DR @ FOUR SEASONS DR,2418,5.35%,66,35,2017-Jul-26
365101.6989,5024009.513,CHESTERTON DR @ MEADOWLANDS DR,18212,2.81%,415,0,2017-Jan-11
363227.6901,5028292.55,CHURCHILL AVE @ RICHMOND RD,23167,3.15%,2048,67,2017-Nov-22
374624.72,5035488.599,CLANCY ST @ MELDRUM AVE,748,2.43%,44,1,2017-Jan-25
364704.6959,5028629.553,CLARENDON AVE @ JAVA ST,1426,2.76%,607,38,2017-Nov-22
385170.674,5035015.398,CLARINGTON AVE @ VISTAPARK DR,1355,2.18%,59,7,2017-Oct-12
372108.7159,5033591.589,CLARKE AVE @ BORTHWICK AVE,2341,2.18%,111,18,2017-Nov-21
372173.7159,5033618.589,CLARKE AVE @ CUMMINGS AVE,4658,3.98%,158,66,2017-Jun-21
369274.963,5029921.562,CLEGG ST @ MAIN ST,21199,3.08%,321,28,2017-Dec-14
367966.708,5029724.561,CLEMOW AVE @ LYON ST,2017,1.71%,390,6,2017-Mar-07
367710.7071,5029570.56,CLEMOW AVE @ PERCY ST,3000,1.76%,424,28,2017-Mar-07
361396.5871,5014648.178,COBBLE HILL DR @ MARAVISTA DR,3675,2.78%,127,7,2017-Mar-28
368820.7049,5033173.592,COBOURG ST @ OLD ST. PATRICK ST,8540,5.81%,489,91,2017-Nov-23
368801.9819,5033237.143,COBOURG ST @ ST. PATRICK ST,39707,2.57%,466,503,2017-Sep-20
368801.9819,5033237.143,COBOURG ST @ ST. PATRICK ST,37506,2.51%,433,414,2017-May-18
368542.7121,5028771.553,COLONEL BY DR @ ECHO DR S,14848,0.27%,287,1,2017-Feb-10
368542.7121,5028771.553,COLONEL BY DR @ ECHO DR S,12797,0.17%,585,0,2017-Feb-11
367604.7619,5025875.265,COLONEL BY DR @ HOG'S BACK RD,29916,0.66%,1,2,2017-Mar-22
368227.711,5028575.551,COLONEL BY DR @ LEONARD AVE,14715,0.29%,68,2,2017-Feb-10
368227.711,5028575.551,COLONEL BY DR @ LEONARD AVE,12257,0.21%,220,0,2017-Feb-11
368859.7101,5030914.571,COLONEL BY DR @ MAIN ST,15293,0.24%,114,4,2017-Feb-02
368294.711,5028635.552,COLONEL BY DR @ ROSEDALE AVE,14461,0.26%,20,2,2017-Feb-10
368294.711,5028635.552,COLONEL BY DR @ ROSEDALE AVE,12281,0.19%,121,0,2017-Feb-11
368075.7101,5028519.551,COLONEL BY DR @ SENECA ST,12447,0.22%,147,0,2017-Feb-11
368002.7049,5031904.581,COLONEL BY DR/MACKENZIE AVE @ DALY AVE,22002,1.30%,477,28,2017-Dec-14
393997.8329,5033694.505,COLONIAL RD @ DUNNING RD,5736,10.30%,2,4,2017-Oct-17
365365.4329,5022539.619,COLONNADE RD @ MERIVALE RD,47372,3.57%,91,2,2017-Mar-22
385041.5959,5038064.369,COMO CRES N @ VARENNES BLVD,4103,3.99%,113,32,2017-Sep-20
369075.8049,5031012.79,CONCORD ST @ MONTCALM ST,510,5.14%,218,7,2017-Feb-02
373684.2311,5025597.103,CONROY RD @ 212 N OF HUNTCLUB RD,17091,4.30%,190,81,2017-May-18
374573.746,5023515.508,CONROY RD @ DAVIDSON RD N,13784,4.51%,2,8,2017-Jun-01
373396.8071,5026308.455,CONROY RD @ JOHNSTON RD,29320,3.31%,119,74,2017-May-18
374351.7441,5024043.512,CONROY RD @ QUEENSDALE AVE,12995,4.67%,0,6,2017-Jun-01
374288.7441,5024190.513,CONROY RD @ ROSEBELLA AVE,12804,3.67%,2,2,2017-Jun-29
373069.966,5027159.299,CONROY RD @ ST. LAURENT BLVD,26387,3.00%,352,105,2017-Jun-01
373205.2,5026793.405,CONROY RD @ THURSTON DR,28592,3.34%,126,117,2017-May-18
374593.746,5023467.508,CONROY RD S @ DAVIDSON RD,13349,4.86%,0,7,2017-Jun-01
336736.6951,5037257.145,CONSTANCE BAY RD @ DUNROBIN RD,5151,3.28%,0,5,2017-Aug-03
367482.7049,5030889.572,COOPER ST @ KENT ST,12634,2.72%,2604,154,2017-May-30
353997.269,5015345.308,COPE @ TERRY FOX,19827,3.70%,90,39,2017-Jul-12
371632.7219,5030424.563,CORONATION AVE @ CHOMLEY CRES,3316,5.39%,116,42,2017-Nov-09
372437.7249,5030196.559,CORONATION AVE @ RUSSELL RD,12737,3.80%,101,52,2017-Jun-01
380940.754,5033546.558,CREEK CROSSING ST @ ORLEANS BLVD,5782,4.35%,221,0,2017-Jan-25
366939.406,5016514.564,CRESTWAY DR @ LEIKIN DR,8930,2.84%,382,46,2017-May-24
366667.657,5016365.122,CRESTWAY DR @ OLDFIELD ST,4762,1.79%,133,1,2017-Nov-22
366346.9011,5015471.133,CRESTWAY DR @ STRANDHERD DR,31828,2.92%,206,14,2017-Apr-25
355913.634,5015513.433,CROWNRIDGE DR @ GRASSY PLAINS DR,5102,4.05%,137,39,2017-Jun-14
368374.511,5032329.974,CUMBERLAND ST @ RIDEAU ST,15257,20.49%,7887,197,2017-May-09
372403.7189,5033032.583,CUMMINGS AVE @ GARDENVALE RD,5777,3.72%,288,42,2017-Jun-21
375047.734,5031119.561,CYRVILLE RD @ INNES RD,65044,4.18%,170,55,2017-May-03
368341.18,5032120.449,DALY AVE @ WALLER ST,17855,11.69%,1171,59,2017-May-09
364344.694,5029812.564,DE L' EGLANTINE ST RUE @ GOLDENROD ST,3305,5.01%,1640,5,2017-Jan-11
367390.711,5021523.494,DEAKIN ST @ PRINCE OF WALES DR,27085,0.77%,9,0,2017-Jan-14
380868.737,5038509.598,DECARIE DR @ JEANNE D'ARC BLVD,8174,3.81%,250,42,2017-May-09
384552.42,5034727.156,"DECOEUR, PROMENADE/SOUTHFIELD WAY @ TENTH LINE RD",10837,5.52%,48,0,2017-Feb-09
385256.7981,5011048.416,DERBY ST @ VICTORIA ST,4921,1.63%,35,8,2017-Jul-08
383334.7559,5036664.569,DES EPINETTES AVE @ PRESTWICK DR,9220,3.22%,334,38,2017-May-25
397384.8921,5025071.454,DEVINE RD @ DUNNING RD,1442,6.95%,2,6,2017-Oct-17
343092.4611,5022591.832,DONALD B. MUNRO DR/OLD CARP RD W @ MARCH RD,8005,4.42%,3,19,2017-May-25
372159.7271,5028558.547,DORVAL AVE @ PLEASANT PARK RD,4304,2.79%,117,15,2017-Mar-21
385309.7989,5011080.416,DOW ST @ VICTORIA ST,6237,6.28%,80,12,2017-Sep-21
383111.234,5035761.088,DU GRAND BOIS AVE @ INNES RD,38955,3.18%,108,82,2017-Sep-20
368882.4729,5034129.017,DUFFERIN RD @ LISGAR RD/RIDEAU TER,2656,2.04%,74,214,2017-Jul-06
365090.6441,5012122.311,DUNDONALD DR @ GREENBANK RD,8154,5.27%,170,16,2017-May-24
390522.7819,5041990.57,DUNNING RD @ LOOKOUT DR,3863,6.36%,2,2,2017-Mar-02
390267.7789,5042527.576,DUNNING RD @ OLD MONTREAL RD,5333,6.04%,17,1,2017-Oct-17
396215.8729,5027945.472,DUNNING RD @ RUSSELL RD,5781,7.36%,0,5,2017-Oct-17
398072.9011,5023377.441,DUNNING RD @ RUSSLAND RD,2673,3.93%,0,1,2017-Oct-17
354337.8419,4989350.232,DWYER HILL RD @ ROGER STEVENS DR,4003,5.28%,0,1,2017-Nov-02
354529.2503,5016255.064,EAGLESON RD @ 240 N OF CADENCE GT/LOBLAWS SC,21668,2.05%,81,6,2017-Apr-11
354273.2205,5016903.492,EAGLESON RD @ 300 N OF MICHAEL COWPLAND/EAGLES,38463,2.36%,95,2,2017-Dec-21
354620.626,5016027.438,EAGLESON RD @ COPE DR/CADENCE GT,27095,1.74%,126,2,2017-Dec-21
354798.626,5015587.434,EAGLESON RD @ FERNBANK RD,18695,2.51%,44,6,2017-Apr-11
355333.6271,5014247.422,EAGLESON RD @ FLEWELLYN RD,14054,4.24%,0,5,2017-Jul-06
372560.737,5017440.465,EARL ARMSTRONG RD @ BOWESVILLE RD,6636,1.90%,0,24,2017-Aug-29
368840.0389,5015288.225,EARL ARMSTRONG RD @ SHORELINE DR,22508,4.46%,53,35,2017-Sep-13
365250.697,5017506.458,EARL MULLIGAN DR @ WOODROFFE AVE,42469,1.89%,17,1,2017-Mar-02
375577.723,5035668.597,EASTVALE DR @ KENDER AVE,2225,5.89%,131,46,2017-Sep-20
371288.677,5033366.692,"EGLISE, RUE DE L @ COLLEGE CIRC",2379,2.07%,122,2,2017-Jan-25
367948.7049,5031549.578,ELGIN ST @ LAURIER AVE,33026,3.95%,11950,576,2017-Apr-05
375059.7151,5001066.324,ELIZABETH ST @ OSGOODE MAIN ST,5159,2.91%,27,0,2017-Jan-17
350441.9929,5013102.944,ELM CRES N @ STITTSVILLE MAIN ST,14008,4.26%,172,6,2017-May-25
365829.703,5021418.492,ENTERPRISE AVE @ MERIVALE RD,27224,6.14%,99,0,2017-Jan-11
374013.734,5029320.55,ERINBROOK CRES @ FOLKSTONE CRT,117,2.82%,7,3,2017-Jul-06
369930.72,5027031.537,EVANS BLVD @ BANK ST,24911,2.70%,275,37,2017-Apr-25
369040.8781,5030475.192,EVELYN AVE @ MAIN ST,15345,3.41%,363,25,2017-Mar-07
361721.674,5015913.44,FALLOWFIELD RD @ LARKIN DR,16935,3.79%,0,0,2017-Nov-02
366891.7071,5018844.471,FALLOWFIELD RD @ MERIVALE RD,25793,2.75%,0,2,2017-Mar-02
362641.68,5016445.445,FALLOWFIELD RD @ ORR ST,17371,3.10%,1,2,2017-Nov-02
358398.6479,5013997.42,FALLOWFIELD RD @ STEEPLE HILL CRES,17099,4.42%,10,0,2017-Feb-02
364467.657,5017549.206,FALLOWFIELD RD @ TRANSITWAY/VIARAIL,27066,5.31%,36,0,2017-Jan-17
364847.2373,5017766.021,FALLOWFIELD RD @ VIA PARK PL/275 W OF WOODROFFE AVE,31706,3.53%,419,1,2017-Jan-17
365085.6959,5017903.461,FALLOWFIELD RD @ WOODROFFE AVE,54417,2.20%,13,2,2017-Mar-02
373912.7449,5020704.489,FENTON RD @ LEITRIM RD,12058,4.87%,3,3,2017-Apr-12
354121.9537,5014963.635,FERNBANK RD @ SMART CENTRE SC / 235 W OF TERRY FOX DR,11883,2.90%,2,1,2017-Apr-11
351561.609,5018126.459,FESSENDEN WAY @ MCCURDY DR,1526,5.37%,22,1,2017-Dec-06
375847.474,5020459.962,FINDLAY CREEK DR @ BANK ST,15210,4.80%,37,0,2017-Mar-13
366918.7079,5024209.515,FISHER AVE @ VIEWMOUNT DR,19338,3.14%,66,4,2017-Jan-11
356789.5781,5020289.306,FITZGERALD RD @ ROBERTSON RD,29346,2.57%,848,2,2017-Nov-30
327081.5901,5036850.686,FITZROY ST @ KEDEY ST,833,7.47%,137,12,2017-Jun-14
352993.6041,5012174.406,FLEWELLYN RD @ SHEA RD,6283,7.07%,0,17,2017-Sep-19
367828.7071,5030323.567,FLORA ST @ KENT ST,12634,2.72%,2604,154,2017-May-30
362504.294,5027656.155,FRASER AVE @ BYRON AVE,4132,1.43%,363,330,2017-Aug-29
362949.5871,5013991.964,FRASER FIELDS WAY @ STRANDHERD DR,19820,5.14%,3,1,2017-May-25
368771.706,5032570.586,FRIEL ST @ RIDEAU ST,11355,8.21%,3240,130,2017-May-09
374549.72,5035457.599,GAINES DR @ MELDRUM AVE,796,2.29%,30,0,2017-Jan-25
385131.4951,5037091.438,GARDENWAY DR @ PARADISE CRES W/SATURN CRES W,1986,4.46%,148,39,2017-Jun-28
367615.7049,5030672.57,GILMOUR ST @ KENT ST,15812,2.26%,1953,76,2017-Apr-05
367943.706,5030868.572,GILMOUR ST @ O'CONNOR ST,14348,2.21%,1790,95,2017-Mar-21
367744.706,5030459.568,GLADSTONE AVE @ KENT ST,23138,3.00%,1407,252,2017-Apr-25
368230.7079,5030750.57,GLADSTONE AVE @ METCALFE ST,13272,2.56%,1200,38,2017-Apr-04
368074.7071,5030658.569,GLADSTONE AVE @ O'CONNOR ST,20347,2.44%,1929,73,2017-Mar-21
366490.966,5029712.332,GLADSTONE AVE @ PRESTON ST,20025,6.54%,1596,470,2017-Jun-20
367357.7041,5031098.574,GLOUCESTER ST @ KENT ST,15646,2.67%,5812,81,2017-Apr-05
367833.7049,5031386.576,GLOUCESTER ST @ METCALFE ST,10777,2.08%,6991,51,2017-Apr-04
367678.7049,5031292.576,GLOUCESTER ST @ O'CONNOR ST,13579,2.88%,5297,75,2017-Mar-21
384939.8219,5034498.84,GOLDENBROOK WAY @ HARVEST VALLEY AVE,4176,1.74%,120,1,2017-Mar-21
364399.694,5029688.563,GOLDENROD ST @ SORREL ST,2276,3.28%,1503,6,2017-Jan-11
364449.694,5029568.562,GOLDENROD ST @ YARROW ST,1123,3.57%,1051,0,2017-Jan-11
349438.006,5022666.636,GOULBOURN FORCED RD @ INNOVATION DR,9562,3.24%,396,47,2017-Jun-07
365051.6989,5023901.512,GRANT CARMAN DR @ MEADOWLANDS DR,22173,1.51%,353,3,2017-Mar-22
363615.9271,5015523.062,GREENBANK RD @ HIGHBURY PARK DR,24208,2.12%,34,4,2017-Apr-20
365285.2559,5011656.861,GREENBANK RD @ KILBIRNIE DR,7667,3.83%,73,11,2017-Nov-09
363311.6841,5016194.444,GREENBANK RD @ MALVERN DR/FOXFIELD DR,31206,2.15%,212,6,2017-Mar-30
369099.677,5031194.504,GREENFIELD AVE @ HWY 417 NICHOLAS IC118R43,15559,3.01%,144,9,2017-Feb-02
368893.606,5030815.757,GREENFIELD AVE @ MAIN ST,12968,1.39%,271,27,2017-Feb-02
364549.9559,5019230.752,GRENFELL CRES @ WOODROFFE AVE,30191,1.63%,32,36,2017-Jun-28
368345.7619,5028070.547,GROVE AVE @ SENECA ST,1275,6.17%,363,118,2017-Jul-27
372402.7279,5028586.547,HAIG DR @ PLEASANT PARK RD,10832,2.63%,254,127,2017-Jun-01
373262.731,5029288.551,HAMLET RD @ OTHELLO AVE,7608,2.30%,615,31,2017-May-25
385309.994,5034667.122,HARVEST VALLEY AVE @ GLASTONBURY WALK,2944,5.23%,230,15,2017-Oct-12
368972.3359,5030633.11,HAWTHORNE AVE @ MAIN ST,24502,2.36%,576,38,2017-Dec-14
368972.3359,5030633.11,HAWTHORNE AVE @ MAIN ST,19191,2.56%,464,21,2017-Mar-07
377038.7589,5022709.501,HAWTHORNE RD @ LEITRIM RD,20180,14.99%,0,4,2017-May-18
378618.771,5018940.476,HAWTHORNE RD @ RIDEAU RD,9651,24.54%,0,1,2017-Jun-08
376247.7529,5024595.514,HAWTHORNE RD @ WHYTE SIDE RD,16199,15.53%,1,5,2017-Jul-27
369167.5249,5030176.002,HAZEL ST @ MAIN ST,15990,3.44%,701,19,2017-Mar-07
352323.623,5021528.488,HERZBERG RD @ MARCH RD,46009,1.56%,32,12,2017-Mar-30
364163.629,5015915.919,HIGHBURY PARK DR @ LONGFIELDS DR,10572,2.57%,197,6,2017-Apr-25
364163.629,5015915.919,HIGHBURY PARK DR @ LONGFIELDS DR,10501,1.96%,176,0,2017-Jan-11
364163.629,5015915.919,HIGHBURY PARK DR @ LONGFIELDS DR,11627,2.36%,335,20,2017-Sep-19
375621.9641,5020258.643,HILLMAN MARSH WAY @ CEDAR CREEK DR,1491,8.90%,81,8,2017-Jun-15
370267.717,5030199.563,HINCKS LANE E @ RIVERSIDE DR,5092,2.83%,354,55,2017-Sep-20
364832.6959,5029372.56,HOLLAND AVE @ SPENCER ST,12947,5.72%,1465,17,2017-Jan-11
365031.697,5028917.556,HOLLAND AVE @ TYNDALL ST,16804,4.03%,464,21,2017-Jan-11
364929.697,5029153.558,HOLLAND AVE @ WELLINGTON ST,21648,5.00%,3906,123,2017-Nov-22
364737.6951,5029595.562,HOLLAND AVE/TUNNEY'S PASTURE @ SCOTT ST,22419,13.80%,5493,90,2017-Nov-22
358496.6751,5022986.456,HOLLY ACRES RD @ TRANSITWAY - BAYSHORE/278 N O,10691,11.77%,26,15,2017-Mar-30
368662.717,5022311.5,HUNT CLUB RD @ CANADAIR PRIV,35482,4.81%,99,9,2017-May-01
370507.726,5023400.509,HUNT CLUB RD @ DOWNPATRICK RD/MCCARTHY RD,34024,5.66%,235,18,2017-Apr-25
372823.7359,5024807.519,HUNT CLUB RD @ LORRY GREENBERG DR/SABLE RIDGE,31634,4.94%,128,11,2017-Apr-25
374193.7411,5025653.523,HUNT CLUB RD @ MALAK ST,27314,5.54%,13,9,2017-Jun-01
380560.12,5036174.579,HUNTER'S RUN DR @ JEANNE D'ARC BLVD,20149,2.39%,143,9,2017-May-09
373227.737,5025207.521,HUNTERSFIELD DR @ PIKE ST,3374,2.28%,39,4,2017-Nov-30
350267.6419,5016713.515,HUNTMAR DR @ MAPLE GROVE RD,18106,2.35%,126,0,2017-Nov-23
351616.063,5019224.795,HWY 417 CASTLEFR IC139R61 @ KANATA AVE,24167,3.98%,18,7,2017-Dec-06
374641.7329,5030921.56,HWY 417 INNES IC112R68 @ INNES RD,58834,4.94%,3,8,2017-Apr-11
356458.651,5022042.492,HWY 417 MOODIE IC134R52 @ MOODIE DR,25613,3.21%,1,2,2017-Jan-12
370884.7181,5030557.565,INDUSTRIAL AVE @ ALTA VISTA DR/SANDFORD FLEMIN,42991,5.58%,517,31,2017-Nov-21
370684.717,5030592.566,INDUSTRIAL AVE @ RIVERSIDE DR,61124,6.48%,365,17,2017-Nov-29
382637.7559,5035567.564,INNES RD @ JEANNE D'ARC BLVD/MER BLEUE RD,49256,2.88%,271,47,2017-May-03
384844.7641,5036560.56,INNES RD @ ORCHARDVIEW AVE/ESPRIT DR,29923,3.08%,251,33,2017-May-03
380460.7951,5034296.403,INNES RD @ ORLEANS BLVD,40237,3.47%,361,40,2017-May-03
385631.7679,5036892.558,INNES RD @ PORTOBELLO BLVD,25192,3.88%,277,20,2017-May-09
386110.191,5037083.966,INNES RD @ PROVENCE AVE,19339,4.24%,498,15,2017-May-09
383957.6671,5036156.609,INNES RD @ TENTH LINE RD,54664,2.73%,462,52,2017-May-03
381798.7529,5035073.565,INNES RD @ VISENEAU DR,33290,2.92%,185,1,2017-Jan-25
391655.797,5039341.545,INNES RD/BEATON RD @ DUNNING RD,5947,7.41%,2,3,2017-Oct-17
362282.6849,5024441.516,IRIS ST @ WOODROFFE AVE,52552,2.08%,226,7,2017-Mar-22
368297.709,5030309.566,ISABELLA ST/HWY 417 O'CONN IC119BR57 @ O'CONNO,29190,3.18%,989,28,2017-Mar-21
364130.694,5028867.556,ISLAND PARK DR @ RICHMOND RD,25538,2.20%,773,251,2017-Apr-25
363833.6921,5029040.557,ISLAND PARK DR @ SCOTT ST,27206,1.18%,618,69,2017-Mar-28
367659.706,5030598.569,JAMES ST @ KENT ST,14437,2.65%,1281,118,2017-May-30
375354.7279,5033720.581,JASMINE CRES S @ OGILVIE RD,14699,4.82%,188,8,2017-Feb-09
379267.7321,5037741.599,JEANNE D'ARC BLVD @ VORLAGE DR W/VOYAGEUR WAY,11906,3.18%,334,12,2017-May-09
363560.4819,5014577.85,JOCKVALE RD @ STRANDHERD DR,29662,3.71%,195,6,2017-Apr-25
381156.426,5032327.413,JOSHUA ST @ RENAUD RD,10287,2.61%,73,5,2017-May-25
350286.5929,5019728.823,KANATA AVE @ GOLDRIDGE DR/EVANSHEN PL,12188,2.81%,215,64,2017-Jun-07
349305.871,5019211.584,KANATA AVE @ TERRY FOX DR,20840,3.11%,16,10,2017-Apr-11
367703.706,5030526.569,KENT ST @ FLORENCE ST,14217,2.63%,957,98,2017-May-30
367316.703,5031164.575,KENT ST @ LAURIER AVE,18748,3.23%,12631,432,2017-Apr-05
367572.7049,5030742.571,KENT ST @ MACLAREN ST,13462,2.68%,1690,156,2017-May-30
367398.7041,5031029.574,KENT ST @ NEPEAN ST,14145,2.49%,4312,72,2017-Apr-05
367179.703,5031386.577,KENT ST @ QUEEN ST,12975,4.03%,12009,81,2017-Apr-05
367261.703,5031252.576,KENT ST @ SLATER ST,22976,11.69%,13942,34,2017-Mar-28
367526.7049,5030815.571,KENT ST @ SOMERSET ST,21327,2.80%,4004,196,2017-Apr-05
367139.7019,5031455.578,KENT ST @ SPARKS ST,9434,2.47%,10083,31,2017-Apr-05
367097.7019,5031526.578,KENT ST @ WELLINGTON ST,26107,5.83%,4110,56,2017-Apr-05
363864.6921,5029334.56,KEYWORTH AVE @ SUNNYMEDE AVE,576,7.41%,57,50,2017-Aug-29
365568.98,5011702.966,KILMARNOCK WAY @ KILBIRNIE DR,1958,9.58%,132,26,2017-Sep-19
329178.143,5028030.146,KINBURN SIDE RD @ LOGGERS WAY,1816,8.22%,37,0,2017-Jan-25
334899.574,5033077.611,KINBURN SIDE RD @ STONECREST RD,2196,11.64%,3,23,2017-Jun-14
368248.7041,5032823.589,KING EDWARD AVE @ ST. PATRICK ST,40378,7.93%,755,90,2017-May-09
367663.7,5033503.597,KING EDWARD AVE @ SUSSEX DR,28637,2.21%,937,648,2017-May-18
363995.963,5028138.062,KIRKWOOD AVE @ IONA ST,12530,4.33%,111,100,2017-May-25
363778.6921,5028641.554,KIRKWOOD AVE @ RICHMOND RD,16478,4.26%,1139,141,2017-Apr-20
364212.6951,5027636.544,KIRKWOOD AVE @ SEBRING AVE,14403,3.39%,327,139,2017-Jun-08
361775.6841,5026620.535,KNIGHTSBRIDGE RD @ LOCKHART AVE,2339,5.69%,345,9,2017-Feb-22
361623.683,5026560.534,KNIGHTSBRIDGE RD @ WOODROFFE AVE,15815,2.58%,170,3,2017-Feb-22
362681.1323,5021407.027,KNOXDALE RD @ 33 E OF CAROLA ST/MANORDALE PS,6114,2.56%,178,11,2017-Mar-30
372541.7219,5031688.571,LABELLE ST/RAMP @ LEMIEUX ST/HWY417 IC115 RAMP,15205,7.28%,305,0,2017-Dec-14
361565.266,5014662.408,LAMPLIGHTERS DR @ FOSTERBROOK WAY,515,5.08%,101,2,2017-Nov-09
363624.691,5028913.556,LANARK AVE/WEST VILLAGE PRIV @ SCOTT ST,14039,2.30%,435,66,2017-Mar-28
367153.703,5031068.574,LAURIER AVE @ LYON ST,17345,1.69%,5372,177,2017-Dec-13
367636.7041,5031358.576,LAURIER AVE @ O'CONNOR ST,18588,2.79%,11945,272,2017-Mar-21
369004.42,5030561.651,LEES AVE / GRAHAM AVE @ MAIN ST,18363,3.83%,706,780,2017-Jul-06
369004.42,5030561.651,LEES AVE / GRAHAM AVE @ MAIN ST,17829,3.99%,588,31,2017-Mar-07
369178.7989,5031334.746,LEES AVE @ KING EDWARD AVE/MANN AVE,27608,4.58%,569,9,2017-Dec-14
369178.7989,5031334.746,LEES AVE @ KING EDWARD AVE/MANN AVE,25840,5.44%,790,8,2017-Feb-02
351152.6163,5022465.415,LEGGET DR @ 386 W OF SCHNEIDER RD/MITEL ACCESS,6227,2.74%,1428,8,2017-Apr-11
351866.623,5022704.498,LEGGET DR @ HERZBERG RD,14083,1.20%,61,180,2017-Aug-29
350653.6151,5022879.5,LEGGET DR @ SOLANDT RD,13341,2.22%,253,17,2017-Apr-11
350175.6181,5023443.011,LEGGET DR @ TERRY FOX DR,12662,1.95%,333,185,2017-Jun-07
368477.289,5028150.444,LEONARD AVE @ GROVE AVE,990,7.95%,196,133,2017-Jul-27
350151.0819,5016607.129,LEVECHE WAY @ MAPLE GROVE RD,6646,2.34%,56,7,2017-Jun-29
370882.7249,5014019.435,LIMEBANK RD @ RIDEAU RD,8652,4.24%,1,7,2017-Apr-12
370882.7249,5014019.435,LIMEBANK RD @ RIDEAU RD,8652,4.24%,1,7,2017-Apr-12
367915.706,5031251.575,LISGAR ST @ METCALFE ST,11044,1.90%,4692,29,2017-Apr-04
367762.7049,5031159.574,LISGAR ST @ O'CONNOR ST,12436,2.64%,3265,133,2017-Mar-21
364841.334,5014200.437,LONGFIELDS DR @ PAUL METIVIER DR,14766,3.10%,62,63,2017-Jun-22
365421.1699,5017106.945,LONGFIELDS DR @ WOODROFFE AVE,37769,2.07%,76,3,2017-Mar-02
365657.7,5028517.552,MACFARLANE AVE @ RUSKIN ST,6709,4.13%,695,31,2017-Nov-30
368051.706,5031032.573,MACLAREN ST @ METCALFE ST,10122,1.64%,1820,29,2017-Apr-04
369358.714,5029716.56,MAIN ST @ BECKWITH RD/BOWER ST,14700,2.87%,176,5,2017-Mar-07
369109.6079,5030312.378,MAIN ST @ OBLATE AVE,15625,3.53%,502,22,2017-Mar-07
369431.7411,5029532.494,MAIN ST @ RIVERDALE AVE,25291,2.64%,67,7,2017-Dec-14
369431.7411,5029532.494,MAIN ST @ RIVERDALE AVE,19124,2.20%,92,7,2017-Mar-07
351414.617,5021779.49,MARCH RD @ RICHARDSON SIDE RD,39099,1.92%,8,18,2017-Apr-11
351414.617,5021779.49,MARCH RD @ RICHARDSON SIDE RD,40617,2.03%,51,8,2017-Nov-02
351414.617,5021779.49,MARCH RD @ RICHARDSON SIDE RD,39099,1.92%,8,18,2017-Apr-11
350754.566,5023784.002,MARCH VALLEY RD @ TERRY FOX DR,10601,1.41%,446,284,2017-Jun-07
364286.8811,5014761.599,MARKETPLACE AVE @ RIOCAN AVE,11811,3.70%,514,13,2017-May-25
374826.7329,5031173.562,MAXIME ST @ CYRVILLE RD,13855,3.17%,98,39,2017-May-31
369128.7129,5029626.559,MCGILLIVRAY ST @ MUTCHMOR RD,848,2.36%,90,267,2017-Sep-20
352959.6159,5017068.449,MCKITRICK DR @ SUMNER ST,1063,3.39%,37,3,2017-Apr-26
368117.7071,5030592.569,MCLEOD ST @ O'CONNOR ST,15867,1.94%,1499,13,2017-Mar-21
368270.7079,5030685.57,MCLEOD ST W @ METCALFE ST,9648,1.04%,401,8,2017-Apr-04
363609.6921,5028538.553,MCRAE AVE @ RICHMOND RD,15411,3.32%,2457,114,2017-Apr-20
363499.6506,5022972.089,MEADOWLANDS DR @ 68 W OF THATCHER ST/BROOKLANE,15185,2.94%,87,5,2017-Mar-22
374449.3189,5028368.394,MELFORT ST @ WALKLEY RD,24021,6.80%,196,6,2017-Apr-11
383900.7721,5032642.54,MER BLEUE RD @ WALL RD,4562,5.03%,5,16,2017-Jun-15
366153.3279,5020632.42,MERIVALE RD @ MACFARLANE RD,20859,4.24%,19,38,2017-May-24
365462.7011,5022298.499,MERIVALE RD @ WOODFIELD DR/ROYDON PL,41949,2.75%,256,2,2017-Mar-13
365327.5879,5029955.486,MERTON ST @ SCOTT ST,13800,18.39%,520,49,2017-Nov-29
368098.7071,5030960.572,METCALFE ST @ GILMOUR ST,10505,1.51%,1402,35,2017-Apr-04
367792.7049,5031451.577,METCALFE ST @ LAURIER AVE,18086,1.86%,11444,186,2017-Apr-04
367874.7049,5031319.576,METCALFE ST @ NEPEAN ST,10380,2.13%,5717,16,2017-Apr-04
368560.28,5030225.532,METCALFE ST @ PATTERSON AVE,709,1.85%,121,107,2017-Jul-26
368492.709,5030332.566,METCALFE ST @ PRETORIA AVE,8160,2.69%,410,90,2017-Jun-29
367648.7041,5031680.579,METCALFE ST @ QUEEN ST,9686,3.55%,9849,56,2017-Apr-04
367731.7041,5031549.578,METCALFE ST @ SLATER ST,18356,10.98%,15564,37,2017-Apr-04
368010.706,5031104.574,METCALFE ST @ SOMERSET ST,14079,2.07%,2902,65,2017-Apr-04
367607.7041,5031747.58,METCALFE ST @ SPARKS ST,3635,2.34%,8125,8,2017-Apr-04
367565.703,5031817.581,METCALFE ST @ WELLINGTON ST,19509,11.69%,5963,11,2017-Apr-04
354231.6241,5016511.443,MICHAEL COWPLAND DR @ TERENCE MATTHEWS CRES E,11169,2.05%,255,23,2017-May-25
387268.794,5031812.521,MILTON RD @ NAVAN RD,10196,10.77%,0,4,2017-May-31
387268.794,5031812.521,MILTON RD @ NAVAN RD,8607,5.14%,1,0,2017-Mar-21
375797.7271,5034648.587,MISS OTTAWA ST @ MONTREAL RD,25177,2.58%,319,6,2017-Apr-11
371673.726,5012108.42,MITCH OWENS RD @ DOZOIS RD/LIMEBANK RD,17813,7.17%,22,7,2017-May-04
377088.7611,5015548.453,MITCH OWENS RD @ OLD PRESCOTT RD,14836,10.21%,1,2,2017-May-04
375399.7501,5014484.445,MITCH OWENS RD @ STAGECOACH RD,18090,8.66%,2,8,2017-May-04
361736.6989,5014021.971,MOFFATT POND CRT/COBBLE HILL DR @ ANJANA CIRC,866,4.36%,100,3,2017-Nov-08
375654.7271,5034556.587,MONTREAL RD @ OGILVIE RD,35586,3.05%,724,38,2017-May-09
376125.7279,5034853.588,MONTREAL RD @ SHEFFORD RD,38996,3.02%,357,21,2017-Apr-11
375971.94,5034759.085,MONTREAL RD @ SINCLAIR ST,26295,2.67%,356,8,2017-Apr-11
356989.364,5020637.368,MOODIE DR @ 200 N OF ROBERTSON RD,19493,3.18%,88,1,2017-Mar-08
356345.651,5022761.498,MOODIE DR @ CORKSTOWN RD,22563,3.80%,28,410,2017-Sep-13
356919.651,5020813.481,MOODIE DR @ FITZGERALD RD/STAFFORD RD,23326,3.01%,164,4,2017-Mar-08
357066.6521,5020455.478,MOODIE DR @ ROBERTSON RD,48129,2.59%,443,3,2017-Mar-08
356815.651,5021083.483,MOODIE DR @ TIMM DR,22235,2.74%,3,6,2017-Mar-08
364382.6959,5026190.532,MORISSET AVE @ CALDWELL AVE,1564,10.69%,252,68,2017-Jun-28
367707.526,5032394.497,MURRAY ST @ SUSSEX DR,20608,1.64%,2114,45,2017-Dec-14
381659.76,5032770.55,NAVAN RD @ PAGE RD,10914,7.72%,29,10,2017-May-25
385757.7849,5031832.527,NAVAN RD @ TENTH LINE RD,10475,6.76%,4,2,2017-May-03
367562.7041,5031133.574,NEPEAN ST @ BANK ST,9229,7.49%,9220,556,2017-Aug-29
369532.3671,5015949.298,NORTH BLUFF DR @ CORAL BERRY AVE/EYE BRIGHT CR,1886,0.96%,73,11,2017-Jul-27
367497.703,5031585.579,O'CONNOR ST @ QUEEN ST,10135,4.31%,8502,42,2017-Mar-21
367579.7041,5031450.577,O'CONNOR ST @ SLATER ST,19411,11.99%,12230,50,2017-Mar-21
367855.706,5031012.573,O'CONNOR ST @ SOMERSET ST,17941,2.52%,3430,190,2017-Mar-21
367456.703,5031652.579,O'CONNOR ST @ SPARKS ST,4441,2.95%,6555,9,2017-Mar-21
368637.711,5029730.561,O'CONNOR ST @ THIRD AVE,2924,2.69%,596,517,2017-Aug-29
367413.703,5031722.58,O'CONNOR ST @ WELLINGTON ST,23009,5.60%,2849,16,2017-Mar-21
374304.4044,5033079.561,OGILVIE RD @ 240 W OF BLAIR RD,23310,2.90%,741,16,2017-Apr-11
375420.7279,5034060.583,OGILVIE RD @ ELMRIDGE DR/JASMINE CRES N,14342,5.03%,431,3,2017-Feb-09
373380.197,5032536.26,OGILVIE RD @ MATHESON RD/PALMERSTON DR,30094,2.15%,417,176,2017-May-09
377889.763,5013683.44,OLD PRESCOTT RD @ PARKWAY RD,6349,7.25%,3,7,2017-May-04
348795.2,5022408.413,OLD SECOND LINE RD @ TERRY FOX DR,18333,2.21%,93,16,2017-Mar-30
366640.08,5016090.702,OLDFIELD ST @ WATERBRIDGE DR,1664,3.25%,133,1,2017-Jan-17
373385.7321,5028907.548,OTHELLO AVE @ WESTON DR,4247,2.39%,107,35,2017-May-25
365156.6959,5030377.569,OTTAWA RIVER PKWY @ RIVER ST/SLIDELL ST,26574,0.72%,140,47,2017-Apr-25
367732.7019,5032695.589,PARENT AVE @ ST. ANDREW ST,7040,8.75%,2283,271,2017-May-18
364949.6959,5029726.563,PARKDALE AVE @ SCOTT ST,23231,10.87%,1574,82,2017-Nov-29
365380.6989,5028745.554,PARKDALE AVE @ SHERWOOD DR,15646,2.90%,490,199,2017-Jun-01
363953.6929,5028753.555,PATRICIA AVE @ RICHMOND RD,12931,4.01%,749,179,2017-Apr-25
369457.7211,5023575.511,PAUL ANKA DR @ UPLANDS DR,7922,4.76%,619,79,2017-Jun-07
365553.474,5014522.83,PAUL METIVIER DR @ TEMAGAMI DR,4000,2.55%,97,1,2017-Mar-02
385522.3279,5038495.843,PEPPERGRASS RD N @ SPRINGRIDGE DR,1338,6.99%,57,19,2017-Jun-28
385784.023,5038277.94,PEPPERGRASS RD S @ SPRINGRIDGE DR,1914,5.74%,51,23,2017-Jul-06
360072.674,5024471.515,PINECREST RD @ RICHMOND RD,35304,2.77%,211,1,2017-Jan-12
386975.057,5036113.309,PINNACLE ST @ FIELDFAIR WAY/PENNYROYAL CRES,1607,2.65%,27,0,2017-Apr-19
386679.0989,5036001.302,PINNACLE ST @ PENNYROYAL CRES/FIELDFAIR WAY,277,9.47%,49,0,2017-Apr-19
371849.726,5028610.548,PLEASANT PARK RD @ DELMAR DR/NORWAY CRES E,7072,2.22%,175,218,2017-Jun-01
385733.646,5036025.761,PORTOBELLO BLVD @ AQUAVIEW DR/NANTES ST,5620,3.65%,195,14,2017-May-25
385350.763,5037697.566,PORTOBELLO BLVD @ VALIN ST,12213,2.54%,204,19,2017-Apr-20
366309.2729,5030126.78,PRESTON ST @ SOMERSET ST,18027,6.61%,1893,530,2017-Jun-20
367399.7101,5019166.474,PRINCE OF WALES DR @ FALLOWFIELD RD,23202,0.69%,5,2,2017-Jan-14
367371.9189,5025693.477,PRINCE OF WALES DR @ MEADOWLANDS DR/HOG'S BACK,41526,1.95%,529,14,2017-Mar-22
367449.709,5017616.461,PRINCE OF WALES DR @ MERIVALE RD,18671,0.95%,4,0,2017-Jan-14
372902.7359,5024546.517,QUAIL RUN AVE @ SABLE RIDGE DR E,1286,2.55%,90,3,2017-Jan-25
368581.1079,5031469.223,QUEEN ELIZABETH DRWY @ SOMERSET ST,7254,0.36%,1303,678,2017-May-30
388373.7671,5042393.586,QUIGLEY HILL RD @ REGIONAL RD 174,19203,4.28%,0,4,2017-Jul-06
376683.7471,5028863.541,RAMSAYVILLE RD @ RIDGE RD,6283,1.04%,0,2,2017-Jul-12
384351.854,5039990.348,REGIONAL RD 174 @ TRIM RD,34176,4.77%,40,13,2017-Apr-19
348803.086,5019506.072,RICHARDSON SIDE RD @ TERRY FOX DR,22907,3.41%,9,4,2017-Nov-23
351408.617,5021708.49,RICHARDSON SIDE RD/TERON RD @ STEACIE DR,12074,3.29%,54,4,2017-Nov-27
351408.617,5021708.49,RICHARDSON SIDE RD/TERON RD @ STEACIE DR,40617,2.03%,51,8,2017-Nov-02
357617.2347,5020614.688,RICHMOND RD @ 141 S OF ROBERTSON RD/TOWNHALL,5562,4.09%,240,1,2017-Mar-08
357623.9057,5020336.272,RICHMOND RD @ 170 S OF KIMBERLEY RD/OUR LADY O,4206,4.46%,230,0,2017-Mar-08
359492.6699,5023528.506,RICHMOND RD @ BELLFIELD ST/RIDGEVALLEY DR,16759,3.30%,193,27,2017-May-25
361181.6811,5026041.53,RICHMOND RD @ HARTLEIGH AVE,12514,2.48%,72,81,2017-Aug-03
361181.6811,5026041.53,RICHMOND RD @ HARTLEIGH AVE,14085,2.65%,53,63,2017-Apr-25
361181.6811,5026041.53,RICHMOND RD @ HARTLEIGH AVE,14302,2.56%,48,13,2017-Nov-16
358137.6589,5021086.484,RICHMOND RD @ LYNHAR RD/STAFFORD RD,37087,2.51%,413,2,2017-Mar-08
358329.3019,5021226.531,RICHMOND RD @ NORTHSIDE RD E,36058,2.36%,254,1,2017-Mar-08
357581.5159,5020752.206,RICHMOND RD @ ROBERTSON RD,35071,2.54%,167,4,2017-Mar-08
357391.6419,5014373.423,RICHMOND RD @ STEEPLE HILL CRES N,7617,3.98%,3,0,2017-Feb-02
357873.657,5020928.482,RICHMOND RD @ STINSON AVE,34068,2.51%,300,3,2017-Mar-08
368282.7479,5032274.584,RIDEAU ST @ WALLER ST,11250,26.83%,4123,64,2017-May-09
372212.703,5002825.334,RIDEAU VALLEY DR E @ ROGER STEVENS DR E,9319,6.89%,1,7,2017-Jun-08
367641.6511,5014851.188,RIVER RD @ 175 N OF EARL ARMSTRONG/LOBLAWS SC,15510,1.93%,46,3,2017-Mar-28
368027.9872,5021766.397,RIVERSIDE DR @ 175 S OF HUNT CLUB  RD/RUNWAY C,29997,1.94%,56,30,2017-Apr-20
369937.566,5029316.745,RIVERSIDE DR @ SMYTH RD NORTH SIDE RAMP,37557,2.79%,29,4,2017-Nov-29
369788.4449,5028997.976,RIVERSIDE DR @ SMYTH RD SOUTH SIDE RAMP,41879,2.72%,11,1,2017-Nov-21
357395.654,5020645.48,ROBERTSON RD @ VANIER RD,32437,2.26%,229,2,2017-Mar-08
356395.6471,5020053.474,ROBERTSON RD @ WESTCLIFFE RD,24447,2.85%,98,2,2017-Mar-08
364429.6951,5029195.558,ROSS AVE @ SPENCER ST,1915,1.71%,279,96,2017-Nov-09
373569.7321,5029260.55,RUSSELL RD S @ ST. LAURENT BLVD,28302,8.55%,133,7,2017-Apr-11
373145.731,5028668.546,SAUNDERSON DR @ PLEASANT PARK RD,7784,2.40%,184,102,2017-Jun-15
361779.6841,5026185.531,SAVILLE ROW @ WOODROFFE AVE,18564,2.99%,292,1,2017-Mar-22
385921.0271,5036745.674,SCALA AVE @ JANET WAY W/MARKWICK CRES W,2129,3.93%,165,10,2017-Sep-07
385958.3819,5036518.235,SCALA AVE @ NEWCARLISLE CRES E,1917,3.61%,100,3,2017-Sep-07
364205.694,5029269.559,SCOTT ST @ WESTERN AVE,13227,3.27%,384,366,2017-May-25
385018.76,5038145.571,SHEENBORO CRES @ VARENNES BLVD,4048,3.96%,105,38,2017-Sep-20
372464.726,5030105.559,SHELLEY AVE @ RUSSELL RD,10862,3.77%,92,75,2017-Jun-14
368496.6951,5015566.401,SHORELINE DR N @ SPRATT RD,7954,3.01%,480,4,2017-Nov-30
371120.7219,5029136.553,SMYTH RD @ SOUTH HAVEN PL/GENERAL HOSPITAL ENTRANCE W,27078,3.27%,225,51,2017-Apr-11
378063.9359,5006581.978,SNAKE ISLAND RD @ STAGECOACH RD,8882,10.96%,0,3,2017-Jun-08
369281.8049,5010280.53,SOUTH ISLAND PARK DR N @ SOUTH RIVER DR N,886,2.77%,4,18,2017-May-16
369229.646,5010210.676,SOUTH RIVER DR N @ VAN VLIET RD N,1476,4.55%,57,21,2017-May-16
369794.7211,5025316.524,SOUTHMORE DR @ THORNDALE DR,1213,5.00%,106,21,2017-May-16
378029.6219,5035847.979,ST. JOSEPH BLVD @ 500 E OF HART RD,24169,1.10%,8,6,2017-Apr-19
379164.983,5036154.126,ST. JOSEPH BLVD @ FOREST VALLEY DR/YOUVILLE DR,27328,1.88%,51,56,2017-May-10
376558.7449,5035054.248,ST. JOSEPH BLVD @ REGIONAL RD 174/TRANSITWAY,30133,5.05%,174,39,2017-May-10
384682.754,5039285.582,ST. JOSEPH BLVD/OLD MONTREAL RD @ TRIM RD,25615,3.44%,62,23,2017-Apr-26
372169.8902,5032287.153,ST. LAURENT BLVD @ 125 N OF QUEEN MARY ST/ZELL,31990,4.49%,642,15,2017-Apr-11
372305.7211,5031951.574,ST. LAURENT BLVD @ COVENTRY RD/OGILVIE RD,52270,4.06%,1483,257,2017-Jun-01
373751.734,5028417.543,ST. LAURENT BLVD @ JOLIFFE ST,15784,2.77%,145,11,2017-Apr-11
367666.914,5032462.365,ST. PATRICK ST @ SUSSEX DR,20172,4.77%,2811,403,2017-May-09
368427.7041,5033069.591,ST. PATRICK ST/ST. ANDREW ST @ BEAUSOLEIL DR,37563,1.84%,559,280,2017-Sep-20
368427.7041,5033069.591,ST. PATRICK ST/ST. ANDREW ST @ BEAUSOLEIL DR,35517,1.79%,593,231,2017-May-18
367832.0959,5033871.926,STANLEY AVE @ SUSSEX DR,20731,1.86%,399,500,2017-May-31
355540.1321,5017642.012,STEEPLE CHASE DR @ PINE HILL DR,2961,3.94%,61,43,2017-Sep-19
349665.583,5014034.428,STITTSVILLE MAIN ST @ HOBIN ST/WILDPINE CRT,20348,3.85%,176,8,2017-May-04
355950.3959,5016619.151,STONEHAVEN DR @ STONEMEADOW DR,10035,3.43%,280,63,2017-Jun-07
363748.0292,5014681.665,STRANDHERD DR @ 215 W OF GREENBANK RD/BARRHAVE,29039,3.66%,82,1,2017-Apr-25
383971.2751,5035032.233,STRASBOURG ST @ CHINIAN ST/MONTARGIS CIRC,1887,4.05%,131,0,2017-Jan-25
367962.7101,5028116.548,SUNNYSIDE AVE @ BRONSON PL/SLOAN AVE,5839,4.10%,264,138,2017-Jun-28
383640.9751,5036900.456,TENTH LINE RD @ CHARLEMAGNE BLVD S/DES EPINETT,35571,2.46%,351,17,2017-May-09
352293.6211,5020788.481,TERON RD @ PARKWAY (THE)/PENFIELD DR S,14465,3.83%,224,9,2017-Dec-06
350061.2781,5019030.751,TERRY FOX DR @ 329 N OF CAMPEAU DR/SIGNATURE C,24345,3.12%,12,3,2017-Dec-06
351269.7181,5018181.775,TERRY FOX DR @ PALLADIUM DR/KATIMAVIK RD,51551,2.78%,110,6,2017-Nov-23
349384.6419,5022954.034,TERRY FOX DR N @ FLAMBOROUGH WAY/INNOVATION DR,19717,3.12%,177,14,2017-Apr-11
350623.4789,5018915.729,TERRY FOX DR S @ DIDSBURY RD/CENTRUM KANATA SC,42281,2.97%,73,3,2017-Dec-06
386797.0729,5036714.239,TRIM RD @ MILLENNIUM BLVD,8991,8.37%,42,0,2017-Feb-22
363399.5189,5028777.84,TWEEDSMUIR AVE @ SCOTT ST,9797,4.74%,2150,58,2017-Mar-28
357327.546,5019851.918,TYRRELL PL @ MOODIE DR,17425,3.20%,246,1,2017-Mar-08
365193.7,5022948.504,VIEWMOUNT DR @ MERIVALE RD,41365,3.48%,689,3,2017-Mar-22
378723.7299,5037475.6,VINEYARD DR @ VOYAGEUR DR,1591,3.40%,34,4,2017-Apr-11
363990.9289,5021426.115,WEST HUNT CLUB RD @ 354 E OF WOODROFFE AVE/REC,34627,3.16%,26,2,2017-Jan-12
367107.709,5022081.498,WEST HUNT CLUB RD @ ANTARES DR/LASER ST,42030,3.83%,62,32,2017-Apr-20
371909.723,5030369.562,WEYBURN ST @ CORONATION AVE,3233,5.83%,80,48,2017-Nov-09
363235.12,5028474.902,WHITBY AVE @ WINONA AVE,1197,1.10%,119,25,2017-May-25
374716.4811,5020250.206,WHITE ALDER AVE @ KELLY FARM DR,1468,17.25%,90,0,2017-Mar-02
365576.6981,5016707.451,WOODROFFE AVE @ CLARIDGE DR/STONEWAY DR N,32139,2.34%,194,1,2017-Mar-02
366327.1189,5014853.406,WOODROFFE AVE @ CRESTHAVEN DR/PAUL METIVIER,7452,3.54%,157,12,2017-May-25
365885.6989,5015940.445,WOODROFFE AVE @ DEERFOX DR/STONEWAY DR,26744,2.51%,139,2,2017-Mar-02
361909.6841,5025370.524,WOODROFFE AVE @ GEORGINA DR/LENESTER AVE,31640,2.00%,317,6,2017-Mar-22
365727.6981,5016328.448,WOODROFFE AVE @ QUEENSBURY DR/RIDEAUCREST DR,26229,2.09%,365,31,2017-Apr-20
